{
  "version": 1,
  "author": "Anonymous maker",
  "editor": "wokwi",
  "parts": [
    { "type": "wokwi-breadboard-half", "id": "bb1", "top": -166.2, "left": 146.8, "attrs": {} },
    { "type": "wokwi-arduino-uno", "id": "uno", "top": 115.8, "left": 220.2, "attrs": {} },
    { "type": "wokwi-servo", "id": "servo1", "top": 26.8, "left": 518.4, "attrs": {} },
    { "type": "wokwi-ili9341", "id": "lcd1", "top": -152.8, "left": -96.3, "attrs": {} },
    {
      "type": "wokwi-led",
      "id": "led1",
      "top": -80.4,
      "left": 186.2,
      "attrs": { "color": "red" }
    },
    {
      "type": "wokwi-led",
      "id": "led2",
      "top": -80.4,
      "left": 282.2,
      "attrs": { "color": "limegreen" }
    },
    {
      "type": "wokwi-pushbutton",
      "id": "btn1",
      "top": 438.2,
      "left": 38.4,
      "attrs": { "color": "black", "xray": "1" }
    },
    {
      "type": "wokwi-pushbutton",
      "id": "btn2",
      "top": 447.8,
      "left": 134.4,
      "attrs": { "color": "blue", "xray": "1" }
    },
    {
      "type": "wokwi-pushbutton",
      "id": "btn3",
      "top": 399.8,
      "left": 134.4,
      "attrs": { "color": "green", "xray": "1" }
    },
    {
      "type": "wokwi-pushbutton",
      "id": "btn4",
      "top": 495.8,
      "left": 134.4,
      "attrs": { "color": "red", "xray": "1" }
    }
  ],
  "connections": [
    [ "servo1:V+", "bb1:bp.25", "red", [ "h-19.2", "v-47" ] ],
    [ "servo1:GND", "bb1:bn.25", "black", [ "h0" ] ],
    [ "servo1:PWM", "uno:9", "gold", [ "h0" ] ],
    [ "bb1:15b.h", "uno:8", "green", [ "v76.8", "h86" ] ],
    [ "bb1:bn.24", "uno:GND.1", "black", [ "v37.1", "h-123.5" ] ],
    [ "lcd1:VCC", "bb1:bn.1", "black", [ "v67.2", "h192", "v-248.3" ] ],
    [ "lcd1:RST", "uno:3", "green", [ "h134.4", "v-124.8", "h332" ] ],
    [ "lcd1:MOSI", "lcd1:SCK", "green", [ "v0" ] ],
    [ "lcd1:LED", "lcd1:MISO", "green", [ "v0" ] ],
    [ "bb1:bp.1", "lcd1:LED", "red", [ "v219.9", "h-161.59" ] ],
    [ "bb1:bp.2", "uno:5V", "red", [ "v325.5", "h189.8" ] ],
    [ "lcd1:MOSI", "lcd1:CS", "green", [ "v0" ] ],
    [ "lcd1:MOSI", "uno:2", "white", [ "h134.39", "v-9.6" ] ],
    [ "btn1:1.r", "uno:5", "green", [ "v0" ] ],
    [ "btn1:1.r", "uno:GND.2", "green", [ "v0" ] ],
    [ "btn2:1.r", "uno:4", "green", [ "v28.8", "h403.4" ] ],
    [ "btn3:1.r", "uno:10", "green", [ "v0", "h144.2" ] ],
    [ "btn4:1.r", "uno:11", "green", [ "v0", "h163.4" ] ],
    [ "btn3:2.r", "uno:GND.3", "green", [ "h144.2", "v0.2", "h57.6", "v-38.4" ] ],
    [ "btn2:2.r", "uno:GND.3", "green", [ "h0" ] ],
    [ "btn4:2.r", "uno:GND.3", "green", [ "h0" ] ],
    [ "bb1:14b.h", "bb1:bp.11", "black", [ "v0" ] ],
    [ "bb1:4b.h", "bb1:bp.3", "black", [ "v0" ] ],
    [ "led1:A", "bb1:5b.g", "", [ "$bb" ] ],
    [ "led1:C", "bb1:4b.g", "", [ "$bb" ] ],
    [ "led2:A", "bb1:15b.g", "", [ "$bb" ] ],
    [ "led2:C", "bb1:14b.g", "", [ "$bb" ] ],
    [ "bb1:5b.h", "uno:7", "red", [ "v0" ] ]
  ],
  "dependencies": {}
}